country,BooksPublishedPerYear,BooksPublishedDataYear
United States of America,275232,2013
United Kingdom,188000,2018
China,208418,2013
Japan,139078,2017
India,90000,2013
Germany,71524,2022
France,106799,2018
Italy,61966,2013
Australia,28234,2014
Brazil,46829,2018
Canada,14625,2018
Spain,89962,2017
South Korea,63476,2018
Russia,115171,2019
South Africa,5418,1995
Mexico,7521,2012
Argentina,28010,2014
Indonesia,135081,2020
Singapore,12000,2007
New Zealand,3600,2003